{"gold": [47, 48.18441567232425, 46.580176296039056, 44.37554714217973, 42.70220656231672, 42.17775058949757, 43.822476015647624, 43.564531751662884, 42.962057930888136, 40.67192821475295, 40.86526427780207, 41.70342810428296, 42.035327031820856, 42.01688533498051, 42.31822086170617, 44.386195717913196, 41.81240629245335, 40.138490740328386, 42.05722172486666, 39.64021299236716, 38.292841623524126, 36.63220279921399, 35.292035531877474, 34.72434865236312, 36.11234966623199, 36.83200525755386, 37.475840877166554, 36.18036715794643, 35.567804986901194, 35.49852305753203, 35.0940191610873, 32.58683927113703, 30.364466772643212, 27.648963839149943, 24.983700205585496, 22.598909092728324, 22.57029905499087, 22.66580824234474, 20.707909147643377, 0], "silver": [64, 63.628133280691806, 63.18832031562691, 62.419601218496524, 59.83900707184696, 59.274589039041814, 59.053951907261634, 56.80053700355956, 54.226490884759606, 54.57931448281862, 56.05333575037739, 58.112656759985214, 57.77181426237852, 55.618666546308106, 56.099587010745196, 55.83872667514874, 55.18874155420326, 55.82926680487551, 56.040951356881614, 56.412613481291864, 57.23218604092548, 55.185261703250596, 54.080710443652016, 54.32020325214085, 53.44820963553642, 51.68154335688461, 50.54954373432917, 52.124702007222496, 52.54595622924713, 53.246197911401566, 53.874925397211946, 53.70280232388668, 52.9626030152152, 50.47847467696463, 49.271845872137476, 47.42871541466549, 48.33297561687924, 47.81439329551938, 46.939213400807944, 0], "oil": [40, 39.66873684839496, 40.22352147086281, 40.517103487839805, 38.85409356844369, 36.728424830249175, 35.461807225366805, 32.71847596663031, 32.044995818382304, 30.84104799709939, 32.67709159445414, 31.67761272686004, 31.281166718967302, 32.863197886530614, 32.18722169532475, 31.388740481243943, 30.599434456168986, 30.003623950835166, 27.692710561781343, 27.845535078456958, 27.40728940412205, 27.89370898144604, 29.051895710900457, 30.859752752972618, 31.501335955853218, 31.865164579907443, 32.2335647118332, 32.43347294002008, 31.617417734031434, 32.960638274501825, 33.04134851626672, 34.4808739964683, 35.55477488726908, 33.51605015650328, 34.59093188990357, 35.65899866196756, 36.22083962871535, 34.64948564639929, 36.34957041190743, 0], "platinum": [51, 48.80648879044598, 47.94280840662188, 46.41787097231834, 44.7731676690303, 45.77653136281101, 43.209132437382294, 42.85163368778975, 43.8080151203135, 41.708509596884156, 39.943049720362325, 39.20490614093423, 38.668739422627596, 36.1061875241308, 37.773238461854355, 35.30985900413913, 36.88080630271593, 36.78576510578679, 37.32591855959169, 36.13970804275455, 34.38858611390809, 35.00479568855531, 35.132161658120204, 33.6835782670561, 30.970796459415407, 30.30723707479681, 29.60096664673678, 29.07557349139459, 26.946385116584494, 24.527917776596095, 26.063186151334676, 25.330084623182092, 25.721408117066378, 26.373036312422006, 25.955297789533628, 27.744372956515875, 26.57865482517542, 26.777791687923763, 28.07035579523896, 0], "diamond": [37, 35.16876869690998, 34.957762920185395, 32.14600935178949, 32.94572508779799, 34.659889673641345, 33.432204269491635, 33.78370917188108, 33.010806380020036, 35.02977363935915, 36.93338657525785, 36.82003410433496, 38.172724777410814, 38.02807591503063, 36.28002980925125, 37.250167842981824, 35.61602244428966, 32.98841390583664, 31.526479620802675, 32.44039427494718, 34.40912282271602, 35.363020939541165, 32.92914587622263, 30.276084743783215, 29.674873107590614, 28.14686395567696, 25.994993540365662, 23.66584146364997, 25.08954210612226, 26.05592291939433, 26.56742208165452, 25.335869833682683, 23.28882438318174, 21.710270829303006, 21.41050383401833, 19.376916202894353, 20.464482479342582, 20.05410838473362, 21.24860453596251, 0], "corn": [43, 42.66172236846968, 43.67266925746605, 41.61798039186989, 42.945777389056275, 42.14846195613714, 39.54591220715422, 40.668809997744056, 39.433580266468056, 40.81860973965119, 38.20392684953155, 35.415073947002746, 33.8121662532447, 31.80704831923664, 33.04381766157495, 32.171485356219826, 32.46199386610116, 30.679651309668152, 32.46598375375586, 33.89564160377606, 31.932461453855097, 29.61548095060356, 30.524620590011928, 30.967892340924617, 28.34176108044104, 28.52728694343941, 27.1632073122527, 28.659486364492082, 26.58683782102841, 26.74292862150171, 27.876070109611497, 26.738156433627836, 26.546509033068684, 25.47487284155517, 24.478265049607025, 25.28859490776181, 26.923295328452078, 27.326149389652684, 26.646001529079527, 0], "copper": [46, 47.997729879691455, 46.583994374008945, 48.26463289086655, 50.036352328742495, 49.68604089255362, 48.307301408606335, 48.19282720311211, 47.71713867506285, 45.40815110530041, 47.463930397269515, 49.506424802283796, 50.876447083469685, 48.626160261665376, 45.881358191650335, 43.32583891806173, 44.9639424790681, 44.54182809021145, 43.22788333009512, 44.29745894770846, 44.41264084777598, 42.573986829302015, 42.481010911422715, 40.03560959580196, 38.31342341880803, 38.90150538092887, 39.40246174419877, 39.693203234239235, 41.59531339207872, 39.417610803944775, 37.52812530710118, 39.453150964108566, 41.42210602524359, 41.03967038448058, 40.22143297454679, 37.48963347688846, 37.63142420920841, 35.810730850312744, 33.755225034180924, 0], "cotton": [62, 63.943904778857714, 64.66836980918374, 66.0741715973256, 66.53783527513554, 65.52618926773191, 63.125574715096306, 64.55496616479044, 61.91404233627549, 60.84328673886935, 60.723686145182974, 60.9538086160382, 60.883275105756425, 59.409577349922465, 60.99157476252015, 62.172309955688775, 61.950147208713354, 59.72631235434565, 58.739609142466726, 58.0322206595068, 57.83618640903675, 59.09224579028946, 60.71216131192377, 58.26717912583199, 59.790246003638785, 59.633683157838334, 60.934055721509424, 58.14547058750647, 59.90556869785683, 57.959106785325915, 57.03417357333031, 55.06670291381286, 55.71382122670774, 57.267656784949025, 56.105088401826016, 57.73623590960542, 58.22212341210628, 60.04547868523603, 61.149190025600944, 0], "sugar": [70, 71.90149815655008, 71.73709386168525, 72.64056190029402, 70.5994206141591, 68.27874821789275, 69.87435474197368, 67.24728401194555, 65.1506099853253, 63.658757808856315, 61.57036349490906, 63.64368839398026, 63.02747775293646, 63.175213059549044, 60.670064528731686, 60.59693058019521, 58.58875518501049, 56.19451977520318, 54.48165687200721, 52.5473736315044, 52.577977568003014, 51.36868167781739, 49.70756086815369, 47.204299537504916, 46.62364261113071, 44.468146011254035, 43.10929946929355, 41.15796071948999, 42.673465427357435, 40.76666533627623, 41.84220680126739, 41.21985863230877, 42.41090186050208, 44.50935526800311, 42.199663213139694, 40.26102619360556, 41.61240057213982, 41.00790585876618, 39.97252513767498, 0], "coal": [53, 54.759816352866814, 68.06322022497609, 68.69922301955621, 66.44589076715809, 64.2292726484232, 64.87974982249284, 66.94406851520088, 68.2667874754122, 70.26773678277057, 69.14682840229739, 67.8161655360868, 65.02858687207173, 66.87289233791574, 65.54499347047916, 65.6039160283102, 64.88345334583948, 63.48323119221841, 63.616904911771385, 61.29527769092409, 60.37309827862195, 60.55614184417794, 62.08077960243703, 60.175072881275085, 61.91163334769982, 61.44832838006511, 62.65817165567545, 62.66564482672892, 60.88933055596271, 58.76699676901592, 56.654926621462096, 53.90435588461733, 51.77188097653033, 50.66222860006712, 49.05464644545665, 47.74984519007719, 48.54765844620338, 47.37191361451659, 48.7222402373616, 0],