{"gold": [64, 73.94174409182396, 87.3628317788488, 99, 99, 99, 99, 99, 99, 99, 99, 99, 99, 99, 99, 0, 0, 0, 0, 0, 0, 0, 0, 0, 0, 0, 0, 0, 0, 0, 0, 0, 0, 0, 0, 0, 0, 0, 0, 0], "silver": [41, 39.02442735422274, 37.132882732861084, 37.077654297712705, 37.371192652251274, 38.14592850368348, 37.31997678160407, 37.82520843502063, 38.710706506576884, 39.08796961580234, 37.66060340504331, 36.44786536451138, 37.60301064697521, 37.86763090420505, 36.37447293401169, 0, 0, 0, 0, 0, 0, 0, 0, 0, 0, 0, 0, 0, 0, 0, 0, 0, 0, 0, 0, 0, 0, 0, 0, 0], "oil": [13, 13.317940875888556, 12.89945415048844, 13.086111021771671, 13.3266480013763, 13.839358377595321, 14.356989640678783, 14.779746289937997, 15.395474639699115, 15.979900398623313, 15.620850201950109, 15.047579465160002, 15.190919493270433, 15.379992099559617, 16.028867567479164, 0, 0, 0, 0, 0, 0, 0, 0, 0, 0, 0, 0, 0, 0, 0, 0, 0, 0, 0, 0, 0, 0, 0, 0, 0], "platinum": [37, 36.620004069442, 35.14572850195937, 35.710907371512825, 35.323840473403855, 36.4552933304612, 35.97957546288901, 35.305768947679624, 35.8498747248491, 36.82053076543994, 35.215190976690515, 35.08090227713683, 35.422602987669926, 33.658459658604, 32.03710150060126, 0, 0, 0, 0, 0, 0, 0, 0, 0, 0, 0, 0, 0, 0, 0, 0, 0, 0, 0, 0, 0, 0, 0, 0, 0], "diamond": [38, 38.666584885305795, 36.72560801347725, 35.26994759468606, 33.82180888444851, 31.950468888774477, 31.634106054741697, 30.67029611432145, 29.42971617571579, 29.978306636759605, 28.92869829719033, 28.447405281905468, 28.35934003161089, 28.294753011240907, 28.870149153084697, 0, 0, 0, 0, 0, 0, 0, 0, 0, 0, 0, 0, 0, 0, 0, 0, 0, 0, 0, 0, 0, 0, 0, 0, 0], "corn": [23, 22.644324853823516, 23.51176024897099, 23.36037435494658, 23.247449390191264, 23.31958252899166, 23.718849625788746, 23.58497777714292, 24.017459307932047, 24.521642645564135, 23.441747994673936, 24.385305604159765, 24.54849673988198, 24.939771406149614, 25.083981300972724, 0, 0, 0, 0, 0, 0, 0, 0, 0, 0, 0, 0, 0, 0, 0, 0, 0, 0, 0, 0, 0, 0, 0, 0, 0], "copper": [29, 28.75422549185623, 27.20363526756329, 27.162743847225485, 27.629972961146848, 28.069633669540877, 27.148782396058472, 26.496444820682733, 25.688554185490506, 25.742412587312632, 24.77712784537056, 25.34577294859236, 24.700537499374075, 24.1772575799332, 24.659287513521168, 0, 0, 0, 0, 0, 0, 0, 0, 0, 0, 0, 0, 0, 0, 0, 0, 0, 0, 0, 0, 0, 0, 0, 0, 0], "cotton": [52, 52.09839082393595, 52.958191321250226, 52.843439287159526, 51.1171327093075, 52.6167405020257, 53.25080649896157, 50.46569406221448, 48.86558973535507, 47.444918800677655, 46.559858359427245, 45.37820019856106, 44.00644526501343, 41.535608098760214, 42.07479797394466, 0, 0, 0, 0, 0, 0, 0, 0, 0, 0, 0, 0, 0, 0, 0, 0, 0, 0, 0, 0, 0, 0, 0, 0, 0], "sugar": [21, 20.981987636167425, 20.305080039121695, 19.17700001541471, 19.790644734234736, 19.131517305411872, 18.111021623043914, 18.097275246506634, 18.083815306746775, 18.75822971419336, 18.29130746555427, 18.64641906749324, 17.83911887075759, 18.544171581468884, 17.541448811315274, 0, 0, 0, 0, 0, 0, 0, 0, 0, 0, 0, 0, 0, 0, 0, 0, 0, 0, 0, 0, 0, 0, 0, 0, 0], "coal": [49, 47.540848178051974, 48.41525729478092, 47.22971304836485, 45.08976673427763, 43.970840029862416, 43.13416893159846, 41.19026952192737, 40.540353826185374, 39.953666730278556, 38.455200461362445, 39.42616529130764, 37.68691946237482, 39.02957832475052, 37.629584340086886, 0, 0, 0, 0, 0, 0, 0, 0, 0, 0, 0, 0, 0, 0, 0, 0, 0, 0, 0, 0, 0, 0, 0, 0, 0], "wheat": [70, 68.59743620039158, 66.95738259481547, 65.1858274385112, 64.75753696266366, 64.37668831131742, 65.67421725637362, 63.21770636532281, 64.97795894981134, 66.16062150275212, 66.5122799786766, 69.33852604257072, 70.65108050098006, 73.08860535664601, 72.02571126017017, 0, 0, 0, 0, 0, 0, 0, 0, 0, 0, 0, 0, 0, 0, 0, 0, 0, 0, 0, 0, 0, 0, 0, 0, 0], "uranium": [12, 14.053483174836177, 17.13604982326239, 21.193469178026742, 24.896698524517173, 30.846987528414616, 36.69648270172894, 42.19119827651222, 48.450029275810145, 56.13378643936459, 69.19458966616445, 81.722095930163, 97.4688640171766, 99, 99, 0, 0, 0, 0, 0, 0, 0, 0, 0, 0, 0, 0, 0, 0, 0, 0, 0, 0, 0, 0, 0, 0, 0, 0, 0]}