{
    "gold": [
        50,
        52.030196215487834,
        50.908652018236836,
        52.696640530098264,
        52.70282990348585,
        53.03057420329243,
        50.904402491863195,
        51.91975913500426,
        49.82501239531475,
        49.79349388355169,
        51.36390135082807,
        49.04447964011535,
        47.6158933891486,
        48.6213519695512,
        50.037135272139835,
        48.78995833559509,
        0,
        0,
        0,
        0,
        0,
        0,
        0,
        0,
        0,
        0,
        0,
        0,
        0,
        0,
        0,
        0,
        0,
        0,
        0,
        0,
        0,
        0,
        0,
        0
    ],
    "silver": [
        85,
        86.91663003954763,
        86.66436085052537,
        89.30594955465719,
        90.09782143332268,
        87.39638564545402,
        89.62729782680643,
        86.03784630947331,
        82.2541224292185,
        80.4353152462759,
        81.54525048012253,
        84.73725416421891,
        85.32253903279728,
        85.28573195880432,
        83.40275806531983,
        80.93232572276094,
        0,
        0,
        0,
        0,
        0,
        0,
        0,
        0,
        0,
        0,
        0,
        0,
        0,
        0,
        0,
        0,
        0,
        0,
        0,
        0,
        0,
        0,
        0,
        0
    ],
    "oil": [
        56,
        57.3293652804109,
        58.05111481069967,
        57.211849941423175,
        56.50446926576218,
        57.72954673338974,
        58.11534126831382,
        56.739555159164084,
        53.68640241742819,
        51.62303814185947,
        53.690750009517686,
        52.33215879579887,
        52.46043064031132,
        50.63032114773094,
        51.87310844659297,
        51.76879798667769,
        0,
        0,
        0,
        0,
        0,
        0,
        0,
        0,
        0,
        0,
        0,
        0,
        0,
        0,
        0,
        0,
        0,
        0,
        0,
        0,
        0,
        0,
        0,
        0
    ],
    "platinum": [
        74,
        72.25528483541916,
        69.41356126264208,
        70.23531202519973,
        68.31257416201238,
        70.44344054927637,
        68.04739208900298,
        66.52291838688005,
        63.889313819893225,
        65.60915967678659,
        65.85297360162845,
        63.32676632770932,
        61.40474234717523,
        59.17727674007501,
        57.864954592680775,
        60.21749438906428,
        0,
        0,
        0,
        0,
        0,
        0,
        0,
        0,
        0,
        0,
        0,
        0,
        0,
        0,
        0,
        0,
        0,
        0,
        0,
        0,
        0,
        0,
        0,
        0
    ],
    "diamond": [
        75,
        77.14758218898386,
        74.7847077070074,
        75.32907056202396,
        75.04025500164005,
        77.73662542452908,
        78.31553270763688,
        73.81937033762124,
        73.37882200914775,
        75.81151831381851,
        78.07365671709643,
        75.42175362510444,
        76.35033868378046,
        79.08074486544015,
        80.06192688100285,
        76.8982150751436,
        0,
        0,
        0,
        0,
        0,
        0,
        0,
        0,
        0,
        0,
        0,
        0,
        0,
        0,
        0,
        0,
        0,
        0,
        0,
        0,
        0,
        0,
        0,
        0
    ],
    "corn": [
        62,
        60.98383474444371,
        61.38160699026114,
        58.52914700999806,
        57.586761310059316,
        58.00642132770384,
        59.320191114851724,
        59.32799780309375,
        58.277212322425065,
        55.036516872915136,
        56.82216005472057,
        55.00990897114835,
        56.12061663144303,
        56.312027015382796,
        58.65533277450301,
        60.51304812351466,
        0,
        0,
        0,
        0,
        0,
        0,
        0,
        0,
        0,
        0,
        0,
        0,
        0,
        0,
        0,
        0,
        0,
        0,
        0,
        0,
        0,
        0,
        0,
        0
    ],
    "copper": [
        17,
        17.038503687721935,
        17.58294178196837,
        17.619035182100788,
        16.649858979317504,
        17.151397557995683,
        17.138277439447858,
        17.0094073818811,
        17.470158284905825,
        16.48580088550021,
        16.195784713026605,
        15.756129160148033,
        15.9622384871053,
        16.192383283285245,
        16.094128291715,
        15.91439490895227,
        0,
        0,
        0,
        0,
        0,
        0,
        0,
        0,
        0,
        0,
        0,
        0,
        0,
        0,
        0,
        0,
        0,
        0,
        0,
        0,
        0,
        0,
        0,
        0
    ],
    "cotton": [
        41,
        40.899955552516765,
        40.80404669113975,
        42.17444913828446,
        41.76991033667316,
        40.28442897606381,
        41.79322910372088,
        40.798837501283806,
        40.68786860653291,
        39.03232723940827,
        40.666754742651854,
        42.07608354394544,
        42.66917140973668,
        44.45259377457792,
        42.1014675108468,
        41.63913158463861,
        0,
        0,
        0,
        0,
        0,
        0,
        0,
        0,
        0,
        0,
        0,
        0,
        0,
        0,
        0,
        0,
        0,
        0,
        0,
        0,
        0,
        0,
        0,
        0
    ],
    "sugar": [
        80,
        79.51284386243569,
        76.3314537463261,
        72.3016775636238,
        72.7931814955642,
        72.18979366748346,
        70.8751932475321,
        72.92161751396652,
        75.00551942347543,
        71.83494407890082,
        68.72351717589079,
        65.3223842144693,
        66.54542440728292,
        64.87119290040789,
        64.42153613950127,
        63.53093666349203,
        0,
        0,
        0,
        0,
        0,
        0,
        0,
        0,
        0,
        0,
        0,
        0,
        0,
        0,
        0,
        0,
        0,
        0,
        0,
        0,
        0,
        0,
        0,
        0
    ],
    "coal": [
        13,
        13.15506154023684,
        13.697325843862677,
        13.81412820932299,
        13.739676437960458,
        14.181025515839378,
        13.648316192282818,
        13.639676363168663,
        13.716778603290795,
        13.138706172059937,
        12.991363071864077,
        12.630131326861436,
        13.089405437440453,
        13.142357548954903,
        13.332692755024988,
        12.67986718492207,
        0,
        0,
        0,
        0,
        0,
        0,
        0,
        0,
        0,
        0,
        0,
        0,
        0,
        0,
        0,
        0,
        0,
        0,
        0,
        0,
        0,
        0,
        0,
        0
    ],
    "wheat": [
        48,
        46.589964322295856,
        43.94847007277822,
        43.02212814592627,
        44.134885891347665,
        44.13112733182929,
        44.565052239061174,
        42.51155808471249,
        43.462382859215325,
        43.959485989511265,
        42.80400341681361,
        42.44484337740515,
        43.87015448623864,
        44.613055636271035,
        42.11275112609775,
        43.41058852905961,
        0,
        0,
        0,
        0,
        0,
        0,
        0,
        0,
        0,
        0,
        0,
        0,
        0,
        0,
        0,
        0,
        0,
        0,
        0,
        0,
        0,
        0,
        0,
        0
    ],