{"gold": [26.219763525410812, 23.71330477813052, 24.270706598747452, 22.877090844003224, 23.71507588835201, 25.40665784382294, 26.403405211570444, 28.483367258515717, 29.642850364998164, 27.89902631650382, 26.85905960801221, 24.193295408916242, 24.951161116631443, 23.439069640945668, 1.374394958917929, 2.2616802201719577, 2.676486896842423, 3.1057746697139432, 4.364358935320928, 1.9210088003126211, -0.803454406351352, -1.3570283270563377, -2.187368786434406, -1.6818554975780966, -0.50469872320578, -3.303126386074732, -3.6262249013294006, -5.754244146603346, -8.572813443853828, -10.803218911875613, -11.701669335121844, -10.25540858170163, -8.17991284083256, -10.547084608135707, -12.60417898060244, -11.21501068534984, -9.736731081932678, -9.27682670530893, -11.426677901986247, -10.606005912484395], "silver": [17.91991492162262, 18.825925311686344, 19.82990131810899, 18.0182443603515, 15.973392840142516, 14.705462965588442, 14.930392265547658, 16.271542647583924, 14.674296767728032, 15.533494459790115, 14.59481682723239, 13.559832336323812, 12.979548821973676, 12.019057975520907, 1.639971852360138, 2.9855185265368283, 3.7078675169106403, 1.3646930645208584, 2.989523324622368, 1.6903712013303698, 0.04319315371727894, 0.9582330081740015, 2.1871721388120076, 3.9462495067002115, 3.9789233300383593, 2.52980175244507, 0.028912552859592378, 1.270211569185894, 1.8122328606020746, 3.5365198433921754, 4.082282450448512, 4.726157493988793, 3.6744959432723014, 0.9615039520875395, -1.0855086755063894, 0.996709646860543, 2.1650110562706097, 2.4556037181296526, 1.0216600366462345, -0.25677639030018207], "oil": [32.716024512981264, 34.39945820313227, 34.33846155902113, 35.67413616288222, 35.53167489662048, 34.34121029109069, 34.7180753343617, 34.85863094459877, 35.5912081053116, 35.08958677911083, 35.137816823224966, 37.23178601512454, 35.62428945418547, 34.82331622593344, 1.363534332249557, 0.42912262962950853, -2.4187472648441886, -4.919326185148645, -6.4395061994401495, -8.123911126402772, -7.874034144795041, -9.081805324420145, -7.545082799584217, -9.348309208111859, -12.061930042042725, -14.619308449600876, -13.787937596325678, -16.38830314493383, -18.233430527466687, -17.248144488245167, -19.155159583747007, -20.74684903880431, -21.277716785035377, -22.748339919803552, -23.35719310514186, -21.8587113383984, -21.325916353664063, -21.732494711282094, -23.810325124180956, -24.893515753659656], "platinum": [67.14286229457365, 65.84279828976051, 65.25683466593527, 65.74785350041152, 64.99162815165425, 63.927627106047964, 61.20021676382016, 63.16203801467827, 63.53834167434746, 62.66739949982322, 60.351664425140555, 57.705514898972446, 55.089607011940515, 52.630754159010095, -2.1349112709075095, -3.7249961840446737, -2.2020428348302223, -2.3840678717513235, -4.485657053868765, -4.66894022686344, -5.005244683805465, -7.684134875069244, -6.6201576310455685, -9.419737395868792, -8.954096310232739, -11.133893291439696, -10.659086691374151, -13.316170495501824, -11.511858180168668, -11.66080503295986, -10.941454361257787, -10.691816268246129, -9.82502760762988, -10.112408721028126, -9.083995853222916, -10.628133257285782, -10.994180960602133, -13.023398890408894, -12.84371115989513, -12.84680905282044], "diamond": [41.000955678815366, 42.72745450932172, 40.26614680387297, 41.985657589774895, 40.88660295151588, 39.75701262643222, 38.99987162467246, 40.81442123849973, 41.352790484720735, 38.88723337280338, 38.81432625390888, 37.95884532355575, 35.668377044223796, 32.95117474487429, 1.973747542936256, 0.552617693400761, 0.4349274582089652, -1.528271692639815, -2.814119123721, -5.177417001952374, -6.863187709769731, -8.421847242238934, -10.427395564640417, -8.786581793355344, -11.085259623252329, -12.952531996948117, -11.748528423192322, -12.74308689538559, -11.02134407431539, -10.820949654958094, -10.188326190664537, -11.629558991424378, -12.178241995557297, -14.164220818604345, -14.290253952546138, -14.964224853304033, -17.349065487487007, -18.246998198845304, -16.927288896653728, -16.549993102096835], "corn": [49.11757649002524, 50.89121044493667, 51.722892723610286, 52.55294676369573, 49.74265759669422, 47.463959471329815, 49.13146022761329, 48.912041080888464, 50.75423983786973, 48.327446337199845, 45.51023647662993, 45.227232096885764, 46.08237724485376, 47.55817576806114, 0.657599520826627, 0.9196979222310602, 0.48178450032146763, 1.824144461679638, 0.09902256139183274, -2.3812931154878387, -2.9498864522301087, -2.3408179054676364, -1.40691188010133, -1.3732772746286253, -2.210702201443147, -4.793784948117336, -7.590536447531036, -7.524897381683422, -7.8687639836703065, -9.034909691984856, -10.428383726421664, -9.537890916770776, -9.786683537989992, -12.647022879466125, -12.795594085520872, -13.44803190713955, -13.875204223432737, -12.427302931845668, -11.579282179385634, -10.15622332629229], "copper": [69.98707358005682, 67.75559237338503, 68.60804391972944, 70.10765381824521, 69.08461277634936, 66.36094414263084, 67.97811058216595, 66.87221595527858, 68.89936137636323, 70.99271782690987, 70.63852770708334, 68.77745405161667, 67.13116101745514, 65.04834269214884, -1.3974778479594523, -0.543984453363391, -1.0016147563801823, -2.8145331218058507, -3.775927912370408, -2.7623791203588226, -4.2435517967631045, -4.39812190718408, -6.124862006326681, -5.6150033257459855, -8.347184250652464, -7.500464458016925, -7.648246184480603, -8.989084033266263, -9.443629284829395, -8.548337841709838, -6.5006337516323525, -8.854235531124994, -8.307779004665301, -6.756520019386018, -7.274962621031366, -8.348578912502065, -7.661934601885753, -9.29599786206485, -10.967224929799922, -11.906898252993557], "cotton": [48.79651832522972, 48.12515109483986, 47.00724543110911, 45.67238690908728, 45.70963201091338, 46.14318067862011, 45.08588771061876, 43.27366079837701, 43.655597356314544, 45.609052913402344, 45.33271609217256, 45.38941603914125, 46.97518030625839, 46.35063332542067, 1.9729484532252848, 1.3969815618027674, 3.5025400415109837, 5.304076987547146, 7.2721201258705594, 7.337627326858948, 6.985799432243299, 6.10301611823947, 7.71464159530883, 8.879714157799091, 9.557165754274061, 11.542494233459434, 8.85120775198861, 8.580034668207084, 8.992243264266882, 9.840435702087314, 7.6511954274785055, 4.913275232959845, 3.1164979430057693, 4.346633533787661, 5.977483408917139, 6.920373887159921, 8.973206406871238, 7.16452728609594, 7.767094097085588, 7.553845535516658], "sugar": [51.786080090364045, 50.06544244407714, 48.5189773111427, 48.06751892828935, 48.152164253607445, 48.920417187238066, 48.945599777278986, 50.27293077968342, 51.657858434465076, 52.78334890742355, 50.984600851688754, 50.70991573730999, 50.41965401527077, 48.0690775399854, -0.933140793302947, -1.159500450023469, -3.14556310758873, -2.845799765394707, -2.2070420214881343, -2.395097665277399, -4.405904246677402, -4.313744862134636, -2.8688603646138326, -3.9776315203447554, -3.6402724850515136, -2.48568416245557, -2.743653242351279, -5.2876926865783265, -5.195948094715667, -6.404916925456562, -8.093395809036677, -9.65825258210135, -11.440002514705636, -12.215210276348786, -13.576067589080795, -16.44393149273805, -18.423575955110007, -19.415163582892944, -19.93382063140737, -17.95847222600487],