{"gold": [79, 97.19448057571945, 99, 99, 99, 99, 99, 99, 99, 99, 99, 99, 99, 99, 0, 0, 0, 0, 0, 0, 0, 0, 0, 0, 0, 0, 0, 0, 0, 0, 0, 0, 0, 0, 0, 0, 0, 0, 0, 0], "silver": [79, 76.16334921513774, 74.6101582825096, 73.73254837100852, 75.88729627045988, 72.23762167079491, 75.21643345188394, 75.90303482963132, 75.67955650140688, 73.90258424327516, 71.94261433609192, 72.33033216151627, 73.0959324040439, 75.88169754299331, 0, 0, 0, 0, 0, 0, 0, 0, 0, 0, 0, 0, 0, 0, 0, 0, 0, 0, 0, 0, 0, 0, 0, 0, 0, 0], "oil": [40, 40.89412221881473, 38.866169104990995, 40.33879395510502, 40.66957837257033, 38.68261350699669, 37.60411984246047, 35.505902168919874, 33.9614699936742, 33.2172506393769, 32.17831701049683, 31.4356800880687, 30.28876545475507, 29.800788425931206, 0, 0, 0, 0, 0, 0, 0, 0, 0, 0, 0, 0, 0, 0, 0, 0, 0, 0, 0, 0, 0, 0, 0, 0, 0, 0], "platinum": [46, 46.62235766246479, 45.19703553948764, 45.08256569217001, 45.17302099916631, 47.028078037082835, 46.38863389136985, 47.21798974377311, 48.849032545035726, 50.78923695136304, 49.710304406113146, 48.93766768161392, 46.5672514199245, 44.90881709251833, 0, 0, 0, 0, 0, 0, 0, 0, 0, 0, 0, 0, 0, 0, 0, 0, 0, 0, 0, 0, 0, 0, 0, 0, 0, 0], "diamond": [89, 88.19949212891264, 85.15898734657826, 80.88027167924024, 80.35117417810909, 78.59883955855298, 81.55124733489393, 84.54440037879775, 86.72385222886817, 87.28241544121805, 88.6756201771287, 89.55732293647999, 85.20456963317942, 82.40588227589886, 0, 0, 0, 0, 0, 0, 0, 0, 0, 0, 0, 0, 0, 0, 0, 0, 0, 0, 0, 0, 0, 0, 0, 0, 0, 0], "corn": [13, 12.515597887438947, 12.508056712554138, 12.608326183164099, 12.871471183660118, 12.289703176778275, 12.018442994797468, 11.943001859746909, 11.357487424132529, 11.215781011166044, 11.274528169482673, 11.55029538957089, 12.030619978546147, 11.906428845666163, 0, 0, 0, 0, 0, 0, 0, 0, 0, 0, 0, 0, 0, 0, 0, 0, 0, 0, 0, 0, 0, 0, 0, 0, 0, 0], "copper": [50, 49.73819656969165, 48.39144050441889, 48.669123013265256, 47.05588766544044, 46.88909282986848, 46.43785260169488, 45.87633819884432, 47.39457694411949, 46.51018731326481, 45.768362521113566, 46.34751813481662, 46.83337881652067, 44.593836057383356, 0, 0, 0, 0, 0, 0, 0, 0, 0, 0, 0, 0, 0, 0, 0, 0, 0, 0, 0, 0, 0, 0, 0, 0, 0, 0], "cotton": [21, 19.83717913587537, 20.37710716858536, 20.72892250931706, 20.720655935622034, 20.014387429998266, 20.53936837612603, 20.436426555978613, 19.98007839414655, 20.7163684198305, 20.57787309653249, 21.27871538794735, 21.374622472916993, 21.953600397611236, 0, 0, 0, 0, 0, 0, 0, 0, 0, 0, 0, 0, 0, 0, 0, 0, 0, 0, 0, 0, 0, 0, 0, 0, 0, 0], "sugar": [97, 99, 97.68576294679303, 99, 97.91122777671583, 96.46611786288626, 95.72577748770239, 98.54879494889686, 94.94283325962955, 97.12833634141415, 99, 99, 97.65788463611703, 98.84273920275726, 0, 0, 0, 0, 0, 0, 0, 0, 0, 0, 0, 0, 0, 0, 0, 0, 0, 0, 0, 0, 0, 0, 0, 0, 0, 0], "coal": [32, 32.4938021010019, 33.09831240374245, 32.40112511237353, 32.37469974367927, 31.887252537940586, 33.142776612099546, 32.80231550002926, 33.320949058024965, 33.26526123547056, 31.47583632718188, 30.662924241183152, 28.923915361765914, 29.51002890885851, 0, 0, 0, 0, 0, 0, 0, 0, 0, 0, 0, 0, 0, 0, 0, 0, 0, 0, 0, 0, 0, 0, 0, 0, 0, 0], "wheat": [99, 95.27151436508055, 92.22475151544619, 93.2776214245414, 93.59026753525647, 92.84530017588334, 95.81608841734747, 99.53433308159605, 93.9150991935895, 90.02469903989663, 88.2868595815261, 83.86888741495753, 86.54293002460608, 83.1202329922386, 0, 0, 0, 0, 0, 0, 0, 0, 0, 0, 0, 0, 0, 0, 0, 0, 0, 0, 0, 0, 0, 0, 0, 0, 0, 0], "uranium": [33, 32.454051312277834, 32.30029772283486, 32.23224054326622, 30.675924113779278, 31.20317745316928, 31.92533982031728, 30.993103911365676, 31.12244693664817, 29.907733064947987, 28.416943275035827, 28.594855099007027, 28.267495223592498, 28.102842155782685, 0, 0, 0, 0, 0, 0, 0, 0, 0, 0, 0, 0, 0, 0, 0, 0, 0, 0, 0, 0, 0, 0, 0, 0, 0, 0]}